排名,电影名称,上映时间,工作人员,评分,评论人数,描述
1,肖申克的救赎,1994 / 美国 / 犯罪 剧情,导演: 弗兰克·德拉邦特 Frank Darabont   主演: 蒂姆·罗宾斯 Tim Robbins /...,9.7,1708934,希望让人自由。
2,霸王别姬,1993 / 中国大陆 中国香港 / 剧情 爱情 同性,导演: 陈凯歌 Kaige Chen   主演: 张国荣 Leslie Cheung / 张丰毅 Fengyi Zha...,9.6,1263519,风华绝代。
3,阿甘正传,1994 / 美国 / 剧情 爱情,导演: 罗伯特·泽米吉斯 Robert Zemeckis   主演: 汤姆·汉克斯 Tom Hanks / ...,9.5,1320235,一部美国近现代史。
4,这个杀手不太冷,1994 / 法国 / 剧情 动作 犯罪,导演: 吕克·贝松 Luc Besson   主演: 让·雷诺 Jean Reno / 娜塔莉·波特曼 ...,9.4,1513875,怪蜀黍和小萝莉不得不说的故事。
5,美丽人生,1997 / 意大利 / 剧情 喜剧 爱情 战争,导演: 罗伯托·贝尼尼 Roberto Benigni   主演: 罗伯托·贝尼尼 Roberto Beni...,9.5,771270,最美的谎言。
6,泰坦尼克号,1997 / 美国 / 剧情 爱情 灾难,导演: 詹姆斯·卡梅隆 James Cameron   主演: 莱昂纳多·迪卡普里奥 Leonardo...,9.4,1256679,失去的才是永恒的。 
7,千与千寻,2001 / 日本 / 剧情 动画 奇幻,导演: 宫崎骏 Hayao Miyazaki   主演: 柊瑠美 Rumi Hîragi / 入野自由 Miy...,9.3,1345962,最好的宫崎骏，最好的久石让。 
8,辛德勒的名单,1993 / 美国 / 剧情 历史 战争,导演: 史蒂文·斯皮尔伯格 Steven Spielberg   主演: 连姆·尼森 Liam Neeson...,9.5,679880,拯救一个人，就是拯救整个世界。
9,盗梦空间,2010 / 美国 英国 / 剧情 科幻 悬疑 冒险,导演: 克里斯托弗·诺兰 Christopher Nolan   主演: 莱昂纳多·迪卡普里奥 Le...,9.3,1287630,诺兰给了我们一场无法盗取的梦。
10,忠犬八公的故事,2009 / 美国 英国 / 剧情,导演: 莱塞·霍尔斯道姆 Lasse Hallström   主演: 理查·基尔 Richard Ger...,9.3,872481,永远都不能忘记你所爱的人。
11,海上钢琴师,1998 / 意大利 / 剧情 音乐,导演: 朱塞佩·托纳多雷 Giuseppe Tornatore   主演: 蒂姆·罗斯 Tim Roth / ...,9.3,1044532,每个人都要走一条自己坚定了的路，就算是粉身碎骨。 
12,机器人总动员,2008 / 美国 / 科幻 动画 冒险,导演: 安德鲁·斯坦顿 Andrew Stanton   主演: 本·贝尔特 Ben Burtt / 艾丽...,9.3,852810,小瓦力，大人生。
13,三傻大闹宝莱坞,2009 / 印度 / 剧情 喜剧 爱情 歌舞,导演: 拉库马·希拉尼 Rajkumar Hirani   主演: 阿米尔·汗 Aamir Khan / 卡...,9.2,1167743,英俊版憨豆，高情商版谢耳朵。
14,楚门的世界,1998 / 美国 / 剧情 科幻,导演: 彼得·威尔 Peter Weir   主演: 金·凯瑞 Jim Carrey / 劳拉·琳妮 Lau...,9.3,918258,如果再也不能见到你，祝你早安，午安，晚安。
15,放牛班的春天,2004 / 法国 瑞士 德国 / 剧情 音乐,导演: 克里斯托夫·巴拉蒂 Christophe Barratier   主演: 热拉尔·朱尼奥 Gé...,9.3,817447,天籁一般的童声，是最接近上帝的存在。 
16,星际穿越,2014 / 美国 英国 加拿大 冰岛 / 剧情 科幻 冒险,导演: 克里斯托弗·诺兰 Christopher Nolan   主演: 马修·麦康纳 Matthew Mc...,9.3,934190,爱是一种力量，让我们超越时空感知它的存在。
17,大话西游之大圣娶亲,1995 / 中国香港 中国大陆 / 喜剧 爱情 奇幻 古装,导演: 刘镇伟 Jeffrey Lau   主演: 周星驰 Stephen Chow / 吴孟达 Man Tat Ng...,9.2,915241,一生所爱。
18,龙猫,1988 / 日本 / 动画 奇幻 冒险,导演: 宫崎骏 Hayao Miyazaki   主演: 日高法子 Noriko Hidaka / 坂本千夏 Ch...,9.2,794564,人人心中都有个龙猫，童年就永远不会消失。
19,熔炉,2011 / 韩国 / 剧情,导演: 黄东赫 Dong-hyuk Hwang   主演: 孔侑 Yoo Gong / 郑有美 Yu-mi Jeong ...,9.3,550110,我们一路奋战不是为了改变世界，而是为了不让世界改变我们。
20,无间道,2002 / 中国香港 / 剧情 犯罪 悬疑,导演: 刘伟强 / 麦兆辉   主演: 刘德华 / 梁朝伟 / 黄秋生,9.2,751264,香港电影史上永不过时的杰作。
21,教父,1972 / 美国 / 剧情 犯罪,导演: 弗朗西斯·福特·科波拉 Francis Ford Coppola   主演: 马龙·白兰度 M...,9.3,581093,千万不要记恨你的对手，这样会让你失去理智。
22,疯狂动物城,2016 / 美国 / 喜剧 动画 冒险,导演: 拜伦·霍华德 Byron Howard / 瑞奇·摩尔 Rich Moore   主演: 金妮弗·...,9.2,1068425,迪士尼给我们营造的乌托邦就是这样，永远善良勇敢，永远出乎意料。
23,当幸福来敲门,2006 / 美国 / 剧情 传记 家庭,导演: 加布里尔·穆奇诺 Gabriele Muccino   主演: 威尔·史密斯 Will Smith ...,9.1,946380,平民励志片。 
24,怦然心动,2010 / 美国 / 剧情 喜剧 爱情,导演: 罗伯·莱纳 Rob Reiner   主演: 玛德琳·卡罗尔 Madeline Carroll / 卡...,9.0,1069267,真正的幸福是来自内心深处。
25,触不可及,2011 / 法国 / 剧情 喜剧,导演: 奥利维·那卡什 Olivier Nakache / 艾力克·托兰达 Eric Toledano   主...,9.2,618864,满满温情的高雅喜剧。
26,蝙蝠侠：黑暗骑士,2008 / 美国 英国 / 剧情 动作 科幻 犯罪 惊悚,导演: 克里斯托弗·诺兰 Christopher Nolan   主演: 克里斯蒂安·贝尔 Christ...,9.2,628874,无尽的黑暗。
27,活着,1994 / 中国大陆 中国香港 / 剧情 历史 家庭,导演: 张艺谋 Yimou Zhang   主演: 葛优 You Ge / 巩俐 Li Gong / 姜武 Wu Jiang,9.2,487143,张艺谋最好的电影。
28,控方证人,1957 / 美国 / 剧情 犯罪 悬疑,导演: 比利·怀尔德 Billy Wilder   主演: 泰隆·鲍华 Tyrone Power / 玛琳·...,9.6,225959,比利·怀德满分作品。
29,乱世佳人,1939 / 美国 / 剧情 历史 爱情 战争,导演: 维克多·弗莱明 Victor Fleming / 乔治·库克 George Cukor   主演: 费...,9.3,421842,Tomorrow is another day.
30,少年派的奇幻漂流,2012 / 美国 中国台湾 英国 加拿大 / 剧情 奇幻 冒险,导演: 李安 Ang Lee   主演: 苏拉·沙玛 Suraj Sharma / 伊尔凡·可汗 Irrfan...,9.0,914099,瑰丽壮观、无人能及的冒险之旅。
31,摔跤吧！爸爸,2016 / 印度 / 剧情 传记 运动 家庭,导演: 涅提·蒂瓦里 Nitesh Tiwari   主演: 阿米尔·汗 Aamir Khan / 法缇玛...,9.0,938155,你不是在为你一个人战斗，你要让千千万万的女性看到女生并不是只能相夫教子。
32,指环王3：王者无敌,2003 / 美国 新西兰 / 剧情 动作 奇幻 冒险,导演: 彼得·杰克逊 Peter Jackson   主演: 维果·莫腾森 Viggo Mortensen / ...,9.2,463085,史诗的终章。
33,飞屋环游记,2009 / 美国 / 剧情 喜剧 动画 冒险,导演: 彼特·道格特 Pete Docter / 鲍勃·彼德森 Bob Peterson   主演: 爱德...,9.0,836229,最后那些最无聊的事情，才是最值得怀念的。 
34,鬼子来了,2000 / 中国大陆 / 剧情 历史 战争,导演: 姜文 Wen Jiang   主演: 姜文 Wen Jiang / 香川照之 Teruyuki Kagawa /...,9.2,391598,对敌人的仁慈，就是对自己残忍。
35,十二怒汉,1957 / 美国 / 剧情,导演: Sidney Lumet   主演: 亨利·方达 Henry Fonda / 马丁·鲍尔萨姆 Marti...,9.4,279176,1957年的理想主义。 
36,天空之城,1986 / 日本 / 动画 奇幻 冒险,导演: 宫崎骏 Hayao Miyazaki   主演: 田中真弓 Mayumi Tanaka / 横泽启子 Ke...,9.1,538785,对天空的追逐，永不停止。 
37,寻梦环游记,2017 / 美国 / 喜剧 动画 奇幻 音乐,导演: 李·昂克里奇 Lee Unkrich / 阿德里安·莫利纳 Adrian Molina   主演: ...,9.1,893782,死亡不是真的逝去，遗忘才是永恒的消亡。
38,天堂电影院,1988 / 意大利 法国 / 剧情 爱情,导演: 朱塞佩·托纳多雷 Giuseppe Tornatore   主演: 安东内拉·阿蒂利 Anton...,9.2,438172,那些吻戏，那些青春，都在影院的黑暗里被泪水冲刷得无比清晰。
39,末代皇帝,1987 / 英国 意大利 中国大陆 法国 / 剧情 传记 历史,导演: 贝纳尔多·贝托鲁奇 Bernardo Bertolucci   主演: 尊龙 John Lone / 陈...,9.2,404986,“不要跟我比惨，我比你更惨”再适合这部电影不过了。
40,大话西游之月光宝盒,1995 / 中国香港 中国大陆 / 喜剧 爱情 奇幻 古装,导演: 刘镇伟 Jeffrey Lau   主演: 周星驰 Stephen Chow / 吴孟达 Man Tat Ng...,9.0,738907,旷古烁今。
41,哈尔的移动城堡,2004 / 日本 / 动画 奇幻 冒险,导演: 宫崎骏 Hayao Miyazaki   主演: 倍赏千惠子 Chieko Baishô / 木村拓...,9.0,610675,带着心爱的人在天空飞翔。
42,罗马假日,1953 / 美国 / 喜剧 剧情 爱情,导演: 威廉·惠勒 William Wyler   主演: 奥黛丽·赫本 Audrey Hepburn / 格...,9.0,618122,爱情哪怕只有一天。
43,搏击俱乐部,1999 / 美国 德国 / 剧情 动作 悬疑 惊悚,导演: 大卫·芬奇 David Fincher   主演: 爱德华·诺顿 Edward Norton / 布拉...,9.0,575208,邪恶与平庸蛰伏于同一个母体，在特定的时间互相对峙。
44,闻香识女人,1992 / 美国 / 剧情,导演: 马丁·布莱斯 Martin Brest   主演: 阿尔·帕西诺 Al Pacino / 克里斯...,9.0,532499,史上最美的探戈。
45,素媛,2013 / 韩国 / 剧情,导演: 李濬益 Jun-ik Lee   主演: 薛景求 Kyung-gu Sol / 严志媛 Ji-won Uhm ...,9.2,361768,受过伤害的人总是笑得最开心，因为他们不愿意让身边的人承受一样的痛苦。
46,辩护人,2013 / 韩国 / 剧情,导演: 杨宇硕 Woo-seok Yang   主演: 宋康昊 Kang-ho Song / 吴达洙 Dal-su O...,9.2,370701,电影的现实意义大过电影本身。
47,何以为家,2018 / 黎巴嫩 法国 美国 / 剧情,导演: 娜丁·拉巴基 Nadine Labaki   主演: 扎因·拉费阿 Zain al-Rafeea / ...,9.1,447061,凝视卑弱生命，用电影改变命运。
48,窃听风暴,2006 / 德国 / 剧情 悬疑,导演: 弗洛里安·亨克尔·冯·多纳斯马尔克 Florian Henckel von Donnersmarck  &n...,9.1,363250,别样人生。
49,死亡诗社,1989 / 美国 / 剧情,导演: 彼得·威尔 Peter Weir   主演: 罗宾·威廉姆斯 Robin Williams / 罗伯...,9.1,442503,当一个死水般的体制内出现一个活跃的变数时，所有的腐臭都站在了光明的对面。
50,教父2,1974 / 美国 / 剧情 犯罪,导演: 弗朗西斯·福特·科波拉 Francis Ford Coppola   主演: 阿尔·帕西诺 A...,9.2,317088,优雅的孤独。
51,两杆大烟枪,1998 / 英国 / 剧情 喜剧 犯罪,导演: Guy Ritchie   主演: Jason Flemyng / Dexter Fletcher / Nick Moran,9.1,389369,4个臭皮匠顶个诸葛亮，盖·里奇果然不是盖的。
52,指环王2：双塔奇兵,2002 / 美国 新西兰 / 剧情 动作 奇幻 冒险,导演: 彼得·杰克逊 Peter Jackson   主演: 伊利亚·伍德 Elijah Wood / 西恩...,9.1,428753,承前启后的史诗篇章。
53,飞越疯人院,1975 / 美国 / 剧情,导演: 米洛斯·福尔曼 Miloš Forman   主演: 杰克·尼科尔森 Jack Nichols...,9.1,393767,自由万岁。
54,狮子王,1994 / 美国 / 动画 冒险 歌舞,导演: Roger Allers / 罗伯·明可夫 Rob Minkoff   主演: 乔纳森·泰勒·托马...,9.0,479715,动物版《哈姆雷特》。
55,指环王1：魔戒再现,2001 / 新西兰 美国 / 剧情 动作 奇幻 冒险,导演: 彼得·杰克逊 Peter Jackson   主演: 伊利亚·伍德 Elijah Wood / 西恩...,9.0,481934,传说的开始。
56,V字仇杀队,2005 / 美国 英国 德国 / 剧情 动作 科幻 惊悚,导演: 詹姆斯·麦克特格 James McTeigue   主演: 娜塔莉·波特曼 Natalie Por...,8.9,680347,一张面具背后的理想与革命。
57,美丽心灵,2001 / 美国 / 传记 剧情,导演: 朗·霍华德 Ron Howard   主演: 罗素·克劳 Russell Crowe / 艾德·哈...,9.0,474984,爱是一切逻辑和原由。
58,饮食男女,1994 / 中国台湾 美国 / 剧情 家庭,导演: 李安 Ang Lee   主演: 郎雄 Sihung Lung / 杨贵媚 Kuei-Mei Yang / 吴...,9.1,342507,人生不能像做菜，把所有的料都准备好了才下锅。
59,大闹天宫,1961(中国大陆) / 1964(中国大陆) / 1978(中国大陆) / 2004(中国大陆) / 中国大陆 / 动画 奇幻,导演: 万籁鸣 Laiming Wan / 唐澄 Cheng  Tang   主演: 邱岳峰 Yuefeng Qiu /...,9.3,215072,经典之作，历久弥新。
60,哈利·波特与魔法石,2001 / 美国 英国 / 奇幻 冒险,导演: Chris Columbus   主演: Daniel Radcliffe / Emma Watson / Rupert Grint,8.9,520513,童话世界的开端。
61,钢琴家,2002 / 法国 德国 英国 波兰 / 剧情 传记 历史 战争 音乐,导演: 罗曼·波兰斯基 Roman Polanski   主演: 艾德里安·布洛迪 Adrien Brod...,9.1,316464,音乐能化解仇恨。
62,海豚湾,2009 / 美国 / 纪录片,导演: 路易·西霍尤斯 Louie Psihoyos   主演: Richard O'Barry / 路易·西霍...,9.3,259670,海豚的微笑，是世界上最高明的伪装。
63,本杰明·巴顿奇事,2008 / 美国 / 剧情 爱情 奇幻,导演: 大卫·芬奇 David Fincher   主演: 凯特·布兰切特 Cate Blanchett / ...,8.9,621502,在时间之河里感受溺水之苦。
64,黑客帝国,1999 / 美国 澳大利亚 / 动作 科幻,导演: 安迪·沃卓斯基 Andy Wachowski / 拉娜·沃卓斯基 Lana Wachowski   主...,9.0,473578,视觉革命。
65,情书,1995 / 日本 / 剧情 爱情,导演: 岩井俊二 Shunji Iwai   主演: 中山美穗 Miho Nakayama / 丰川悦司 Ets...,8.9,579014,暗恋的极致。
66,看不见的客人,2016 / 西班牙 / 剧情 犯罪 悬疑 惊悚,导演: 奥里奥尔·保罗 Oriol Paulo   主演: 马里奥·卡萨斯 Mario Casas / 阿...,8.8,697759,你以为你以为的就是你以为的。
67,让子弹飞,2010 / 中国大陆 中国香港 / 剧情 喜剧 动作 西部,导演: 姜文 Wen Jiang   主演: 姜文 Wen Jiang / 葛优 You Ge / 周润发 Yun-F...,8.8,1010444,你给我翻译翻译，神马叫做TMD的惊喜。
68,西西里的美丽传说,2000 / 意大利 美国 / 剧情 战争 情色,导演: 朱塞佩·托纳多雷 Giuseppe Tornatore   主演: 莫妮卡·贝鲁奇 Monica ...,8.8,601766,美丽无罪。
69,猫鼠游戏,2002 / 美国 加拿大 / 传记 犯罪 剧情,导演: 史蒂文·斯皮尔伯格 Steven Spielberg   主演: 莱昂纳多·迪卡普里奥 L...,8.9,457553,骗子大师和执著警探的你追我跑故事。 
70,小鞋子,1997 / 伊朗 / 剧情 儿童 家庭,导演: 马基德·马基迪 Majid Majidi   主演: 法拉赫阿米尔·哈什米安 Amir Fa...,9.2,239929,奔跑的孩子是天使。
71,拯救大兵瑞恩,1998 / 美国 / 剧情 历史 战争,导演: 史蒂文·斯皮尔伯格 Steven Spielberg   主演: 汤姆·汉克斯 Tom Hanks...,9.0,399542,美利坚精神输出大片No1.
72,美国往事,1984 / 美国 意大利 / 犯罪 剧情,导演: 赛尔乔·莱翁内 Sergio Leone   主演: 罗伯特·德尼罗 Robert De Niro ...,9.2,266605,往事如烟，无处祭奠。
73,我不是药神,2018 / 中国大陆 / 剧情 喜剧,导演: 文牧野 Muye Wen   主演: 徐峥 Zheng Xu / 王传君 Chuanjun Wang / 周...,9.0,1290925,对我们国家而言，这样的电影多一部是一部。
74,音乐之声,1965 / 美国 / 剧情 传记 爱情 歌舞,导演: 罗伯特·怀斯 Robert Wise   主演: 朱莉·安德鲁斯 Julie Andrews / 克...,9.0,369371,用音乐化解仇恨，让歌声串起美好。
75,致命魔术,2006 / 美国 英国 / 剧情 悬疑 惊悚,导演: 克里斯托弗·诺兰 Christopher Nolan   主演: 休·杰克曼 Hugh Jackman...,8.8,532009,孪生蝙蝠侠大战克隆金刚狼。
76,七宗罪,1995 / 美国 / 剧情 犯罪 悬疑 惊悚,导演: 大卫·芬奇 David Fincher   主演: 摩根·弗里曼 Morgan Freeman / 布...,8.8,629346,警察抓小偷，老鼠玩死猫。
77,低俗小说,1994 / 美国 / 剧情 喜剧 犯罪,导演: 昆汀·塔伦蒂诺 Quentin Tarantino   主演: 约翰·特拉沃尔塔 John Tra...,8.8,532171,故事的高级讲法。
78,穿条纹睡衣的男孩,2008 / 英国 美国 / 剧情 战争,导演: 马克·赫尔曼 Mark Herman   主演: 阿萨·巴特菲尔德 Asa Butterfield ...,9.1,289846,尽管有些不切实际的幻想，这部电影依旧是一部感人肺腑的佳作。
79,被嫌弃的松子的一生,2006 / 日本 / 剧情 歌舞,导演: 中岛哲也 Tetsuya Nakashima   主演: 中谷美纪 Miki Nakatani / 瑛太 E...,8.9,477192,以戏谑来戏谑戏谑。
80,沉默的羔羊,1991 / 美国 / 剧情 犯罪 惊悚,导演: 乔纳森·戴米 Jonathan Demme   主演: 朱迪·福斯特 Jodie Foster / 安...,8.8,530680,安东尼·霍普金斯的顶级表演。
81,蝴蝶效应,2004 / 美国 加拿大 / 剧情 悬疑 科幻 惊悚,导演: 埃里克·布雷斯 Eric Bress / J·麦基·格鲁伯 J. Mackye Gruber   主...,8.8,584972,人的命运被自己瞬间的抉择改变。
82,春光乍泄,1997 / 中国香港 日本 韩国 / 剧情 爱情 同性,导演: 王家卫 Kar Wai Wong   主演: 张国荣 Leslie Cheung / 梁朝伟 Tony Leu...,8.9,395402,爱情纠缠，男女一致。
83,心灵捕手,1997 / 美国 / 剧情,导演: 格斯·范·桑特 Gus Van Sant   主演: 马特·达蒙 Matt Damon / 罗宾·...,8.9,433081,人生中应该拥有这样的一段豁然开朗。
84,禁闭岛,2010 / 美国 / 剧情 悬疑 惊悚,导演: Martin Scorsese   主演: 莱昂纳多·迪卡普里奥 Leonardo DiCaprio / ...,8.8,578943,昔日翩翩少年，今日大腹便便。
85,勇敢的心,1995 / 美国 / 动作 传记 剧情 历史 战争,导演: 梅尔·吉布森 Mel Gibson   主演: 梅尔·吉布森 Mel Gibson / 苏菲·玛...,8.9,408089,史诗大片的典范。
86,布达佩斯大饭店,2014 / 美国 德国 英国 / 剧情 喜剧 冒险,导演: 韦斯·安德森 Wes Anderson   主演: 拉尔夫·费因斯 Ralph Fiennes / ...,8.8,542431,小清新的故事里注入了大历史的情怀。
87,剪刀手爱德华,1990 / 美国 / 剧情 奇幻 爱情,导演: 蒂姆·波顿 Tim Burton   主演: 约翰尼·德普 Johnny Depp / 薇诺娜·...,8.7,716809,浪漫忧郁的成人童话。
88,天使爱美丽,2001 / 法国 德国 / 喜剧 爱情,导演: 让-皮埃尔·热内 Jean-Pierre Jeunet   主演: 奥黛丽·塔图 Audrey Tau...,8.7,693869,法式小清新。 
89,阿凡达,2009 / 美国 英国 / 动作 科幻 冒险,导演: 詹姆斯·卡梅隆 James Cameron   主演: 萨姆·沃辛顿 Sam Worthington ...,8.7,843831,绝对意义上的美轮美奂。
90,摩登时代,1936 / 美国 / 剧情 喜剧 爱情,导演: 查理·卓别林 Charles Chaplin   主演: 查理·卓别林 Charles Chaplin ...,9.3,165944,大时代中的人生，小人物的悲喜。
91,加勒比海盗,2003 / 美国 / 动作 冒险 奇幻,导演: 戈尔·维宾斯基 Gore Verbinski   主演: 约翰尼·德普 Johnny Depp / ...,8.7,557559,约翰尼·德普的独角戏。
92,致命ID,2003 / 美国 / 剧情 悬疑 惊悚,导演: James Mangold   主演: John Cusack / Ray Liotta / Amanda Peet,8.8,486250,最不可能的那个人永远是最可能的。
93,幽灵公主,1997 / 日本 / 动画 奇幻 冒险,导演: 宫崎骏 Hayao Miyazaki   主演: 松田洋治 Yôji Matsuda / 石田百合...,8.9,353888,人与自然的战争史诗。
94,断背山,2005 / 美国 加拿大 / 剧情 爱情 同性 家庭,导演: 李安 Ang Lee   主演: 希斯·莱杰 Heath Ledger / 杰克·吉伦哈尔 Jake...,8.8,479040,每个人心中都有一座断背山。
95,入殓师,2008 / 日本 / 剧情,导演: 泷田洋二郎 Yôjirô Takita   主演: 本木雅弘 Masahiro Motoki / ...,8.8,418466,死可能是一道门，逝去并不是终结，而是超越，走向下一程。
96,喜剧之王,1999 / 中国香港 / 喜剧 剧情 爱情,导演: 周星驰 Stephen Chow / 李力持 Lik-Chi Lee   主演: 周星驰 Stephen Ch...,8.7,562299,我是一个演员。
97,阳光灿烂的日子,1994 / 中国大陆 中国香港 / 剧情 爱情,导演: 姜文 Wen Jiang   主演: 夏雨 Yu Xia / 宁静 Jing Ning / 陶虹 Hong Tao,8.8,403550,一场华丽的意淫。
98,重庆森林,1994 / 中国香港 / 剧情 爱情,导演: 王家卫 Kar Wai Wong   主演: 林青霞 Brigitte Lin / 金城武 Takeshi K...,8.7,503084,寂寞没有期限。
99,狩猎,2012 / 丹麦 瑞典 / 剧情,导演: 托马斯·温特伯格 Thomas Vinterberg   主演: 麦斯·米科尔森 Mads Mik...,9.1,211520,人言可畏。
100,第六感,1999 / 美国 / 剧情 悬疑 惊悚,导演: M·奈特·沙马兰 M. Night Shyamalan   主演: 布鲁斯·威利斯 Bruce Wi...,8.8,346652,深入内心的恐怖，出人意料的结局。
101,海蒂和爷爷,2015 / 德国 瑞士 南非 / 剧情 冒险 家庭,导演: 阿兰·葛斯彭纳 Alain Gsponer   主演: 阿努克·斯特芬 Anuk Steffen /...,9.2,175872,如果生活中有什么使你感到快乐，那就去做吧！不要管别人说什么。
102,杀人回忆,2003 / 韩国 / 犯罪 剧情 悬疑 惊悚,导演: 奉俊昊 Joon-ho Bong   主演: 宋康昊 Kang-ho Song / 金相庆 Sang-kyun...,8.8,376480,关于连环杀人悬案的集体回忆。
103,玛丽和马克思,2009 / 澳大利亚 / 剧情 喜剧 动画,导演: 亚当·艾略特 Adam Elliot   主演: 托妮·科莱特 Toni Collette / 菲利...,8.9,302959,你是我最好的朋友，你是我唯一的朋友 。
104,消失的爱人,2014 / 美国 / 剧情 犯罪 悬疑 惊悚,导演: 大卫·芬奇 David Fincher   主演: 本·阿弗莱克 Ben Affleck / 罗莎蒙...,8.7,563813,年度最佳date movie。
105,小森林 夏秋篇,2014 / 日本 / 剧情,导演: 森淳一 Junichi Mori   主演: 桥本爱 Ai Hashimoto / 三浦贵大 Takahir...,9.0,247940,那些静得只能听见呼吸的日子里，你明白孤独即生活。
106,请以你的名字呼唤我,2017 / 意大利 法国 巴西 美国 荷兰 德国 / 剧情 爱情 同性,导演: 卢卡·瓜达尼诺 Luca Guadagnino   主演: 艾米·汉莫 Armie Hammer / ...,8.8,362720,沉醉在电影的情感和视听氛围中无法自拔。
107,告白,2010 / 日本 / 剧情 惊悚,导演: 中岛哲也 Tetsuya Nakashima   主演: 松隆子 Takako Matsu / 冈田将生 ...,8.7,494495,没有一人完全善，也没有一人完全恶。
108,一一,2000 / 中国台湾 日本 / 剧情 爱情 家庭,导演: 杨德昌 Edward Yang   主演: 吴念真 / 李凯莉 Kelly Lee / 金燕玲 Elai...,9.0,222942,我们都曾经是一一。
109,大鱼,2003 / 美国 / 剧情 家庭 奇幻 冒险,导演: 蒂姆·波顿 Tim Burton   主演: 伊万·麦克格雷格 Ewan McGregor / 阿...,8.8,371205,抱着梦想而活着的人是幸福的，怀抱梦想而死去的人是不朽的。
110,爱在黎明破晓前,1995 / 美国 奥地利 瑞士 / 剧情 爱情,导演: 理查德·林克莱特 Richard Linklater   主演: 伊桑·霍克 Ethan Hawke ...,8.8,352434,缘分是个连绵词，最美不过一瞬。
111,红辣椒,2006 / 日本 / 动画 悬疑 科幻 惊悚,导演: 今敏 Satoshi Kon   主演: 林原惠美 Megumi Hayashibara / 江守彻 Toru...,9.0,232274,梦的勾结。
112,阳光姐妹淘,2011 / 韩国 / 剧情 喜剧,导演: 姜炯哲 Hyeong-Cheol Kang   主演: 沈恩京 Eun-kyung Shim / 闵孝琳 Hy...,8.8,403423,再多各自牛逼的时光，也比不上一起傻逼的岁月。 
113,侧耳倾听,1995 / 日本 / 剧情 爱情 动画,导演: 近藤喜文 Yoshifumi Kondo   主演: 本名阳子 Youko Honna / 小林桂树 K...,8.9,277529,少女情怀总是诗。
114,射雕英雄传之东成西就,1993 / 中国香港 / 喜剧 奇幻 武侠 古装,导演: 刘镇伟 Jeffrey Lau   主演: 梁朝伟 Tony Leung Chiu Wai / 林青霞 Bri...,8.7,409430,百看不厌。 
115,7号房的礼物,2013 / 韩国 / 剧情 喜剧 家庭,导演: 李焕庆 Hwan-kyeong Lee   主演: 柳承龙 Seung-yong Ryoo / 朴信惠 Shi...,8.8,306620,《我是山姆》的《美丽人生》。
116,甜蜜蜜,1996 / 中国香港 / 剧情 爱情,导演: 陈可辛 Peter Chan   主演: 黎明 Leon Lai / 张曼玉 Maggie Cheung / ...,8.8,326215,相逢只要一瞬间，等待却像是一辈子。
117,超脱,2011 / 美国 / 剧情,导演: 托尼·凯耶 Tony Kaye   主演: 艾德里安·布洛迪 Adrien Brody / 马西...,8.9,281034,穷尽一生，我们要学会的，不过是彼此拥抱。
118,倩女幽魂,1987 / 中国香港 / 爱情 奇幻 武侠 古装,导演: 程小东 Siu-Tung Ching   主演: 张国荣 Leslie Cheung / 王祖贤 Joey W...,8.7,433300,两张绝世的脸。 
119,哈利·波特与死亡圣器(下),2011 / 美国 英国 / 剧情 悬疑 奇幻 冒险,导演: 大卫·叶茨 David Yates   主演: 丹尼尔·雷德克里夫 Daniel Radcliffe...,8.8,442070,10年的完美句点。
120,小森林 冬春篇,2015 / 日本 / 剧情,导演: 森淳一 Junichi Mori   主演: 桥本爱 Ai Hashimoto / 三浦贵大 Takahir...,9.0,215310,尊敬他人，尊敬你生活的这片土地，明白孤独是人生的常态。
121,驯龙高手,2010 / 美国 / 动画 奇幻 冒险,导演: 迪恩·德布洛斯 Dean DeBlois / 克里斯·桑德斯 Chris Sanders   主演:...,8.7,471068,和谐的生活离不开摸头与被摸头。
122,蝙蝠侠：黑暗骑士崛起,2012 / 美国 英国 / 剧情 动作 科幻 犯罪 惊悚,导演: 克里斯托弗·诺兰 Christopher Nolan   主演: 克里斯蒂安·贝尔 Christ...,8.7,449505,诺兰就是保证。
123,菊次郎的夏天,1999 / 日本 / 剧情 喜剧,导演: 北野武 Takeshi Kitano   主演: 北野武 Takeshi Kitano / 关口雄介 Yus...,8.8,310268,从没见过那么流氓的温柔，从没见过那么温柔的流氓。
124,恐怖直播,2013 / 韩国 / 剧情 犯罪 悬疑,导演: 金秉祐 Byeong-woo Kim   主演: 河正宇 Jung-woo Ha / 李璟荣 Kyeong-y...,8.8,379119,恐怖分子的“秋菊打官司”。
125,爱在日落黄昏时,2004 / 美国 / 剧情 爱情,导演: 理查德·林克莱特 Richard Linklater   主演: 伊桑·霍克 Ethan Hawke ...,8.8,306891,九年后的重逢是世俗和责任的交叠，没了悸动和青涩，沧桑而温暖。
126,唐伯虎点秋香,1993 / 中国香港 / 喜剧 爱情 古装,导演: 李力持 Lik-Chi Lee   主演: 周星驰 Stephen Chow / 巩俐 Li Gong / 陈...,8.6,601198,华太师是黄霑，吴镇宇四大才子之一。
127,萤火之森,2011 / 日本 / 剧情 爱情 动画 奇幻,导演: 大森贵弘 Takahiro Omori   主演: 佐仓绫音 Ayane Sakura / 内山昂辉 K...,8.8,289112,触不到的恋人。
128,幸福终点站,2004 / 美国 / 喜剧 剧情 爱情,导演: 史蒂文·斯皮尔伯格 Steven Spielberg   主演: 汤姆·汉克斯 Tom Hanks...,8.8,332113,有时候幸福需要等一等。 
129,超能陆战队,2014 / 美国 / 喜剧 动作 科幻 动画 冒险,导演: 唐·霍尔 Don Hall / 克里斯·威廉姆斯 Chris Williams   主演: 斯科特...,8.6,611791,Balalala~~~
130,风之谷,1984 / 日本 / 动画 奇幻 冒险,导演: 宫崎骏 Hayao Miyazaki   主演: 岛本须美 Sumi Shimamoto / 松田洋治 Y...,8.8,257755,动画片的圣经。
131,借东西的小人阿莉埃蒂,2010 / 日本 / 动画 奇幻 冒险,导演: 米林宏昌 Hiromasa Yonebayashi   主演: 志田未来 Mirai Shida / 神木...,8.8,329688,曾经的那段美好会沉淀为一辈子的记忆。
132,无人知晓,2004 / 日本 / 剧情,导演: 是枝裕和 Hirokazu Koreeda   主演: 柳乐优弥 Yûya Yagira / 北浦爱...,9.1,151794,我的平常生活就是他人的幸福。
133,神偷奶爸,2010 / 美国 法国 / 喜剧 动画 冒险,导演: 皮艾尔·柯芬 Pierre Coffin / 克里斯·雷纳德 Chris Renaud   主演: ...,8.6,616233,Mr. I Don't Care其实也有Care的时候。
134,上帝之城,2002 / 巴西 法国 / 犯罪 剧情,导演: 费尔南多·梅里尔斯 Fernando Meirelles / 卡迪亚·兰德 Kátia Lund  &nbsp...,8.9,210628,被上帝抛弃了的上帝之城。
135,怪兽电力公司,2001 / 美国 / 儿童 喜剧 动画 奇幻 冒险,导演: 彼特·道格特 Pete Docter / 大卫·斯沃曼 David Silverman   主演: 约...,8.7,391222,不要给它起名字，起了名字就有感情了。
136,玩具总动员3,2010 / 美国 / 喜剧 动画 奇幻 冒险,导演: 李·昂克里奇 Lee Unkrich   主演: 汤姆·汉克斯 Tom Hanks / 蒂姆·艾...,8.8,303162,跨度十五年的欢乐与泪水。
137,血战钢锯岭,2016 / 美国 澳大利亚 / 剧情 传记 历史 战争,导演: 梅尔·吉布森 Mel Gibson   主演: 安德鲁·加菲尔德 Andrew Garfield /...,8.7,509829,优秀的战争片不会美化战场，不会粉饰死亡，不会矮化敌人，不会无视常识，最重要的，不会宣扬战争。
138,电锯惊魂,2004 / 美国 / 悬疑 惊悚 恐怖,导演: 詹姆斯·温 James Wan   主演: 雷·沃纳尔 Leigh Whannell / 加利·艾...,8.7,312481,真相就在眼前。
139,岁月神偷,2010 / 中国香港 中国大陆 / 剧情 家庭,导演: 罗启锐 Alex Law   主演: 吴君如 Sandra Ng / 任达华 Simon Yam / 钟绍...,8.7,414736,岁月流逝，来日可追。
140,七武士,1954 / 日本 / 动作 冒险 剧情,导演: 黑泽明 Akira Kurosawa   主演: 三船敏郎 Toshirô Mifune / 志村乔 ...,9.2,118158,时代悲歌。
141,喜宴,1993 / 中国台湾 美国 / 剧情 喜剧 爱情 同性 家庭,导演: 李安 Ang Lee   主演: 赵文瑄 Winston Chao / 郎雄 Sihung Lung / 归亚...,8.9,211186,中国家庭的喜怒哀乐忍。
142,谍影重重3,2007 / 美国 德国 / 动作 悬疑 惊悚,导演: 保罗·格林格拉斯 Paul Greengrass   主演: 马特·达蒙 Matt Damon / ...,8.8,272600,像吃了苏打饼一样干脆的电影。
143,英雄本色,1986 / 中国香港 / 剧情 动作 犯罪,导演: 吴宇森 John Woo   主演: 周润发 Yun-Fat Chow / 狄龙 Lung Ti / 张国...,8.7,304381,英雄泪短，兄弟情长。 
144,绿皮书,2018 / 美国 / 剧情 喜剧 传记,导演: 彼得·法雷里 Peter Farrelly   主演: 维果·莫腾森 Viggo Mortensen /...,8.9,852231,暂无引言
145,时空恋旅人,2013 / 英国 / 喜剧 爱情 奇幻,导演: 理查德·柯蒂斯 Richard Curtis   主演: 多姆纳尔·格里森 Domhnall Gl...,8.7,329102,把每天当作最后一天般珍惜度过，积极拥抱生活，就是幸福。
146,傲慢与偏见,2005 / 法国 英国 美国 / 剧情 爱情,导演: 乔·怀特 Joe Wright   主演: 凯拉·奈特莉 Keira Knightley / 马修·...,8.6,462038,爱是摈弃傲慢与偏见之后的曙光。
147,完美的世界,1993 / 美国 / 剧情 犯罪,导演: 克林特·伊斯特伍德 Clint Eastwood   主演: 凯文·科斯特纳 Kevin Cos...,9.1,140272,坏人的好总是比好人的好来得更感人。
148,疯狂原始人,2013 / 美国 / 喜剧 动画 冒险,导演: 科克·德·米科 Kirk De Micco / 克里斯·桑德斯 Chris Sanders   主演...,8.7,552483,老少皆宜，这就是好莱坞动画的魅力。
149,萤火虫之墓,1988 / 日本 / 动画 剧情 战争,导演: 高畑勋 Isao Takahata   主演: 辰己努 / 白石绫乃 / 志乃原良子,8.7,288614,幸福是生生不息，却难以触及的远。 
150,东邪西毒,1994 / 中国香港 中国台湾 / 剧情 动作 爱情 武侠 古装,导演: 王家卫 Kar Wai Wong   主演: 张国荣 Leslie Cheung / 林青霞 Brigitte...,8.6,387719,电影诗。
151,爆裂鼓手,2014 / 美国 / 剧情 音乐,导演: 达米恩·查泽雷 Damien Chazelle   主演: 迈尔斯·特勒 Miles Teller /...,8.7,344683,这个世界从不善待努力的人，努力了也不一定会成功，但是知道自己在努力，就是活下去的动力。
152,教父3,1990 / 美国 / 剧情 犯罪,导演: 弗朗西斯·福特·科波拉 Francis Ford Coppola   主演: 阿尔·帕西诺 A...,8.9,208823,任何信念的力量，都无法改变命运。
153,真爱至上,2003 / 英国 美国 法国 / 喜剧 剧情 爱情,导演: 理查德·柯蒂斯 Richard Curtis   主演: 休·格兰特 Hugh Grant / 柯林...,8.6,452956,爱，是个动词。
154,贫民窟的百万富翁,2008 / 英国 美国 / 剧情 爱情,导演: 丹尼·鲍尔 Danny Boyle / 洛芙琳·坦丹 Loveleen Tandan   主演: 戴夫...,8.6,519851,上帝之城+猜火车+阿甘正传+开心辞典=山寨富翁
155,纵横四海,1991 / 中国香港 / 剧情 喜剧 动作 犯罪,导演: 吴宇森 John Woo   主演: 周润发 Yun-Fat Chow / 张国荣 Leslie Cheung...,8.8,247272,香港浪漫主义警匪动作片的巅峰之作。
156,心迷宫,2014 / 中国大陆 / 剧情 犯罪 悬疑,导演: 忻钰坤 Yukun Xin   主演: 霍卫民 Weimin Huo / 王笑天 Xiaotian Wang ...,8.7,296520,荒诞讽刺，千奇百巧，抽丝剥茧，百转千回。
157,被解救的姜戈,2012 / 美国 / 剧情 动作 西部 冒险,导演: 昆汀·塔伦蒂诺 Quentin Tarantino   主演: 杰米·福克斯 Jamie Foxx /...,8.7,385801,热血沸腾，那个低俗、性感的无耻混蛋又来了。
158,记忆碎片,2000 / 美国 / 犯罪 剧情 悬疑 惊悚,导演: 克里斯托弗·诺兰 Christopher Nolan   主演: 盖·皮尔斯 Guy Pearce /...,8.6,394281,一个针管引发的血案。
159,黑天鹅,2010 / 美国 / 剧情 惊悚,导演: 达伦·阿罗诺夫斯基 Darren Aronofsky   主演: 娜塔莉·波特曼 Natalie...,8.5,577998,黑暗之美。
160,三块广告牌,2017 / 美国 英国 / 剧情 犯罪,导演: 马丁·麦克唐纳 Martin McDonagh   主演: 弗兰西斯·麦克多蒙德 France...,8.7,533160,怼天怼地，你走后，她与世界为敌。
161,荒蛮故事,2014 / 阿根廷 西班牙 / 剧情 喜剧 犯罪,导演: 达米安·斯兹弗隆 Damián Szifron   主演: 达里奥·葛兰帝内提 Darío...,8.8,245336,始于荒诞，止于更荒诞。
162,达拉斯买家俱乐部,2013 / 美国 / 剧情 传记 同性,导演: 让-马克·瓦雷 Jean-Marc Vallée   主演: 马修·麦康纳 Matthew McCon...,8.8,283448,Jared Leto的腿比女人还美！
163,哪吒闹海,1979 / 中国大陆 / 冒险 动画 奇幻,导演: 严定宪 Dingxian Yan / 王树忱 Shuchen Wang   主演: 梁正晖 Zhenghui ...,9.0,145880,想你时你在闹海。
164,花样年华,2000 / 中国香港 / 剧情 爱情,导演: 王家卫 Kar Wai Wong   主演: 梁朝伟 Tony Leung Chiu Wai / 张曼玉 Ma...,8.6,358479,偷情本没有这样美。
165,我是山姆,2001 / 美国 / 剧情 家庭,导演: 杰茜·尼尔森 Jessie Nelson   主演: Sean Penn / Dakota Fanning / Mi...,8.9,174766,爱并不需要智商 。
166,你的名字。,2016 / 日本 / 剧情 爱情 动画,导演: 新海诚 Makoto Shinkai   主演: 神木隆之介 Ryûnosuke Kamiki / 上...,8.4,836661,穿越错位的时空，仰望陨落的星辰，你没留下你的名字，我却无法忘记那句“我爱你”。
167,雨人,1988 / 美国 / 剧情,导演: 巴瑞·莱文森 Barry Levinson   主演: 达斯汀·霍夫曼 Dustin Hoffman ...,8.7,281423,生活在自己的世界里，也可以让周围的人显得可笑和渺小。
168,卢旺达饭店,2004 / 英国 南非 意大利 / 剧情 历史 战争,导演: 特瑞·乔治 Terry George   主演: 唐·钱德尔 Don Cheadle / 苏菲·奥...,8.9,174116,当这个世界闭上双眼，他却敞开了怀抱。
169,头脑特工队,2015 / 美国 / 喜剧 动画 冒险,导演: 彼特·道格特 Pete Docter / 罗纳尔多·德尔·卡门 Ronaldo Del Carmen  &nb...,8.7,365327,愿我们都不用长大，每一座城堡都能永远存在。
170,天书奇谭,1983(中国大陆) / 2019(中国大陆重映) / 中国大陆 / 动画 奇幻,导演: 王树忱 Shuchen Wang / 钱运达 Yunda Qian   主演: 丁建华 Jianhua Din...,9.2,107962,传奇的年代，醉人的童话。
171,头号玩家,2018 / 美国 / 动作 科幻 冒险,导演: 史蒂文·斯皮尔伯格 Steven Spielberg   主演: 泰伊·谢里丹 Tye Sheri...,8.7,892732,写给影迷，动漫迷和游戏迷的一封情书。
172,你看起来好像很好吃,2010 / 日本 / 剧情 动画 儿童,导演: 藤森雅也 Masaya Fujimori   主演: 山口胜平 Kappei Yamaguchi / 爱河...,8.8,216282,感情不分食草或者食肉。
173,海边的曼彻斯特,2016 / 美国 / 剧情 家庭,导演: 肯尼斯·罗纳根 Kenneth Lonergan   主演: 卡西·阿弗莱克 Casey Affle...,8.6,314206,我们都有权利不与自己的过去和解。
174,无敌破坏王,2012 / 美国 / 喜剧 动画 奇幻 冒险,导演: 瑞奇·莫尔 Rich Moore   主演: 约翰·C·赖利 John C. Reilly / 萨拉...,8.7,330245,迪士尼和皮克斯拿错剧本的产物。
175,恋恋笔记本,2004 / 美国 / 剧情 爱情,导演: 尼克·卡索维茨 Nick Cassavetes   主演: 瑞恩·高斯林 Ryan Gosling /...,8.5,409612,爱情没有那么多借口，如果不能圆满，只能说明爱的不够。 
176,冰川时代,2002 / 美国 / 喜剧 动画 冒险,导演: 卡洛斯·沙尔丹哈 Carlos Saldanha / 克里斯·韦奇 Chris Wedge   主演...,8.5,404528,松鼠才是角儿。
177,未麻的部屋,1997 / 日本 / 动画 奇幻 惊悚,导演: 今敏 Satoshi Kon   主演: 岩男润子 Junko Iwao / 松本梨香 Rica Matsu...,8.9,161574,好的剧本是，就算你猜到了结局也猜不到全部。
178,功夫,2004 / 中国大陆 中国香港 / 动作 喜剧 犯罪 奇幻,导演: 周星驰 Stephen Chow   主演: 周星驰 Stephen Chow / 元秋 Qiu Yuen / ...,8.5,528044,警恶惩奸，维护世界和平这个任务就交给你了，好吗？
179,模仿游戏,2014 / 英国 美国 / 剧情 传记 战争 同性,导演: 莫滕·泰杜姆 Morten Tyldum   主演: 本尼迪克特·康伯巴奇 Benedict C...,8.6,379376,他给机器起名“克里斯托弗”，因为这是他初恋的名字。
180,忠犬八公物语,1987 / 日本 / 剧情,导演: Seijirô Kôyama   主演: 山本圭 Kei Yamamoto / 井川比佐志 Hisa...,9.1,107974,养狗三日，便会对你终其一生。
181,一个叫欧维的男人决定去死,2015 / 瑞典 / 剧情,导演: 汉内斯·赫尔姆 Hannes Holm   主演: 罗夫·拉斯加德 Rolf Lassgård...,8.8,216181,惠及一生的美丽。
182,二十二,2015 / 中国大陆 / 纪录片,导演: 郭柯 Ke Guo   主演:,8.7,184365,有一些东西不应该被遗忘。
183,虎口脱险,1966 / 法国 英国 / 喜剧 战争,导演: 杰拉尔·乌里 Gérard Oury   主演: 路易·德·菲耐斯 Louis de Funès...,8.9,149260,永远看不腻的喜剧。
184,雨中曲,1952 / 美国 / 喜剧 歌舞 爱情,导演: 斯坦利·多南 Stanley Donen / 吉恩·凯利 Gene Kelly   主演: 吉恩·...,9.0,132764,骨灰级歌舞片。
185,黑客帝国3：矩阵革命,2003 / 美国 澳大利亚 / 动作 科幻,导演: Andy Wachowski / Larry Wachowski   主演: 基努·里维斯 Keanu Reeves...,8.7,247709,不得不说，《黑客帝国》系列是商业片与科幻、哲学完美结合的典范。
186,海洋,2009 / 法国 瑞士 西班牙 美国 阿联酋 / 纪录片,导演: 雅克·贝汉 Jacques Perrin / 雅克·克鲁奥德 Jacques Cluzaud   主演:...,9.1,120571,大海啊，不全是水。
187,人工智能,2001 / 美国 / 冒险 剧情 科幻,导演: 史蒂文·斯皮尔伯格 Steven Spielberg   主演: 海利·乔·奥斯蒙 Haley...,8.6,275251,对爱的执着，可以超越一切。
188,海街日记,2015 / 日本 / 剧情 家庭,导演: 是枝裕和 Hirokazu Koreeda   主演: 绫濑遥 Haruka Ayase / 长泽雅美 M...,8.7,234341,是枝裕和的家庭习作。
189,房间,2015 / 爱尔兰 加拿大 英国 美国 / 剧情 家庭,导演: 伦尼·阿伯拉罕森 Lenny Abrahamson   主演: 布丽·拉尔森 Brie Larson...,8.8,246617,被偷走的岁月，被伤害的生命，被禁锢的灵魂，终将被希望和善意救赎。
190,魔女宅急便,1989 / 日本 / 动画 奇幻 冒险,导演: 宫崎骏 Hayao Miyazaki   主演: 高山南 Minami Takayama / 佐久间玲 Re...,8.6,298350,宫崎骏的电影总让人感觉世界是美好的，阳光明媚的。
191,燃情岁月,1994 / 美国 / 剧情 爱情 战争 西部,导演: 爱德华·兹威克 Edward Zwick   主演: 布拉德·皮特 Brad Pitt / 安东...,8.8,194895,传奇，不是每个人都可以拥有。
192,恐怖游轮,2009 / 英国 澳大利亚 / 剧情 悬疑 惊悚,导演: 克里斯托弗·史密斯 Christopher Smith   主演: 梅利莎·乔治 Melissa ...,8.4,492254,不要企图在重复中寻找已经失去的爱。
193,惊魂记,1960 / 美国 / 悬疑 惊悚 恐怖,导演: 阿尔弗雷德·希区柯克 Alfred Hitchcock   主演: 安东尼·博金斯 Antho...,8.9,139520,故事的反转与反转，分裂电影的始祖。
194,穿越时空的少女,2006 / 日本 / 剧情 爱情 科幻 动画,导演: 细田守 Mamoru Hosoda   主演: 仲里依纱 Riisa Naka / 石田卓也 Takuya...,8.6,266610,爱上未来的你。 
195,罗生门,1950 / 日本 / 犯罪 剧情 悬疑,导演: 黑泽明 Akira Kurosawa   主演: 三船敏郎 Toshirô Mifune / 千秋实 ...,8.8,190984,人生的N种可能性。
196,魂断蓝桥,1940 / 美国 / 剧情 爱情 战争,导演: 茂文·勒鲁瓦 Mervyn LeRoy   主演: 费雯·丽 Vivien Leigh / 罗伯特·...,8.8,173921,中国式内在的美国电影。
197,釜山行,2016 / 韩国 / 动作 惊悚 灾难,导演: 延尚昊 Sang-ho Yeon   主演: 孔侑 Yoo Gong / 郑有美 Yu-mi Jung / 马...,8.4,632282,揭露人性的丧尸题材力作。
198,完美陌生人,2016 / 意大利 / 剧情 喜剧,导演: 保罗·格诺维瑟 Paolo Genovese   主演: 马可·贾利尼 Marco Giallini ...,8.5,354371,来啊，互相伤害啊！
199,猜火车,1996 / 英国 / 剧情 犯罪,导演: 丹尼·博伊尔 Danny Boyle   主演: 伊万·麦克格雷格 Ewan McGregor / ...,8.5,317971,不可猜的青春迷笛。 
200,奇迹男孩,2017 / 美国 中国香港 / 剧情 儿童 家庭,导演: 斯蒂芬·卓博斯基 Stephen Chbosky   主演: 雅各布·特伦布莱 Jacob Tr...,8.6,353980,世界不完美，爱会有奇迹。
201,疯狂的石头,2006 / 中国大陆 中国香港 / 喜剧 犯罪,导演: 宁浩 Hao Ning   主演: 郭涛 Tao Guo / 刘桦 Hua Liu / 连晋 Teddy Lin,8.4,489441,中国版《两杆大烟枪》。
202,终结者2：审判日,1991 / 美国 法国 / 动作 科幻,导演: 詹姆斯·卡梅隆 James Cameron   主演: 阿诺·施瓦辛格 Arnold Schwarz...,8.7,217653,少见的超越首部的续集，动作片中的经典。
203,阿飞正传,1990 / 中国香港 / 犯罪 剧情 爱情,导演: 王家卫 Kar Wai Wong   主演: 张国荣 Leslie Cheung / 张曼玉 Maggie C...,8.5,315916,王家卫是一种风格，张国荣是一个代表。
204,香水,2006 / 德国 法国 西班牙 美国 / 剧情 犯罪 奇幻,导演: 汤姆·提克威 Tom Tykwer   主演: 本·卫肖 Ben Whishaw / 艾伦·瑞克...,8.5,381863,一个单凭体香达到高潮的男人。
205,可可西里,2004 / 中国大陆 中国香港 / 剧情 犯罪,导演: 陆川 Chuan Lu   主演: 多布杰 Duobujie / 张磊 Lei Zhang / 亓亮 Qi L...,8.7,183579,坚硬的信仰。
206,牯岭街少年杀人事件,1991 / 中国台湾 / 剧情 犯罪,导演: 杨德昌 Edward Yang   主演: 张震 Chen Chang / 杨静怡 Lisa Yang / 张...,8.8,160879,弱者送给弱者的一刀。
207,初恋这件小事,2010 / 泰国 / 剧情 喜剧 爱情,导演: 普特鹏·普罗萨卡·那·萨克那卡林 Puttipong Promsaka Na Sakolnakorn / 华森·波克彭...,8.4,678224,黑小鸭速效美白记。
208,人生果实,2017 / 日本 / 纪录片,导演: 伏原健之 Kenshi Fushihara   主演: 津端修一 Shûichi Tsubata / 津...,9.6,54858,暂无引言
209,新世界,2013 / 韩国 / 剧情 犯罪,导演: 朴勋政 Hoon-jung Park   主演: 李政宰 Jung-Jae Lee / 崔岷植 Min-sik...,8.8,175465,要做就做得狠一点，这样才能活下去。
210,谍影重重2,2004 / 美国 德国 / 动作 悬疑 惊悚,导演: 保罗·格林格拉斯 Paul Greengrass   主演: 马特·达蒙 Matt Damon / ...,8.6,231995,谁说王家卫镜头很晃？
211,谍影重重,2002 / 美国 德国 捷克 / 动作 悬疑 惊悚,导演: 道格·里曼 Doug Liman   主演: 马特·达蒙 Matt Damon / 弗兰卡·波坦...,8.6,276657,哗啦啦啦啦，天在下雨，哗啦啦啦啦，云在哭泣……找自己。
212,战争之王,2005 / 美国 法国 / 剧情 犯罪,导演: 安德鲁·尼科尔 Andrew Niccol   主演: 尼古拉斯·凯奇 Nicolas Cage /...,8.6,237825,做一颗让别人需要你的棋子。
213,2001太空漫游,1968 / 英国 美国 / 科幻 惊悚 冒险,导演: 斯坦利·库布里克 Stanley Kubrick   主演: 凯尔·杜拉 Keir Dullea / ...,8.8,168910,现代科幻电影的开山之作，最伟大导演的最伟大影片。
214,爱在午夜降临前,2013 / 美国 希腊 / 剧情 爱情,导演: 理查德·林克莱特 Richard Linklater   主演: 伊桑·霍克 Ethan Hawke ...,8.8,180887,所谓爱情，就是话唠一路，都不会心生腻烦，彼此嫌弃。
215,地球上的星星,2007 / 印度 / 剧情 儿童 家庭,导演: 阿米尔·汗 Aamir Khan   主演: 达席尔·萨法瑞 Darsheel Safary / 阿...,8.9,130408,天使保护事件始末。
216,浪潮,2008 / 德国 / 剧情 惊悚,导演: 丹尼斯·甘塞尔 Dennis Gansel   主演: 尤尔根·沃格尔 Jürgen Vogel ...,8.7,183082,世界离独裁只有五天。
217,青蛇,1993 / 中国香港 / 剧情 爱情 奇幻 古装,导演: 徐克 Hark Tsui   主演: 张曼玉 Maggie Cheung / 王祖贤 Joey Wang / ...,8.5,322771,人生如此，浮生如斯。谁人言，花彼岸，此生情长意短。谁都是不懂爱的罢了。
218,朗读者,2008 / 美国 德国 / 剧情 爱情,导演: 史蒂芬·戴德利 Stephen Daldry   主演: 凯特·温丝莱特 Kate Winslet ...,8.5,344870,当爱情跨越年龄的界限，它似乎能变得更久远一点，成为一种责任，一种水到渠成的相濡以沫。 
219,新龙门客栈,1992 / 中国香港 中国大陆 / 动作 爱情 武侠 古装,导演: 李惠民 Raymond Lee   主演: 张曼玉 Maggie Cheung / 林青霞 Brigitte ...,8.6,277595,嬉笑怒骂，调风动月。
220,无耻混蛋,2009 / 德国 美国 / 剧情 犯罪,导演: Quentin Tarantino   主演: 布拉德·皮特 Brad Pitt / 梅拉尼·罗兰 M...,8.5,314554,昆汀同学越来越变态了，比北野武还杜琪峰。
221,源代码,2011 / 美国 加拿大 / 科幻 悬疑 惊悚,导演: 邓肯·琼斯 Duncan Jones   主演: 杰克·吉伦哈尔 Jake Gyllenhaal / ...,8.4,542973,邓肯·琼斯继《月球》之后再度奉献出一部精彩绝伦的科幻佳作。
222,步履不停,2008 / 日本 / 剧情 家庭,导演: 是枝裕和 Hirokazu Koreeda   主演: 阿部宽 Hiroshi Abe / 夏川结衣 Yu...,8.8,152824,日本的家庭电影已经是世界巅峰了，步履不停是巅峰中的佳作。
223,绿里奇迹,1999 / 美国 / 犯罪 剧情 奇幻 悬疑,导演: Frank Darabont   主演: 汤姆·汉克斯 Tom Hanks / 大卫·摩斯 David M...,8.8,161475,天使暂时离开。
224,哈利·波特与阿兹卡班的囚徒,2004 / 英国 美国 / 剧情 奇幻 冒险,导演: Alfonso Cuarón   主演: 丹尼尔·雷德克里夫 Daniel Radcliffe / Emma...,8.5,297278,不一样的导演，不一样的哈利·波特。
225,小萝莉的猴神大叔,2015 / 印度 / 剧情 喜剧 动作,导演: 卡比尔·汗 Kabir Khan   主演: 萨尔曼·汗 Salman Khan / 哈莎莉·马...,8.4,298186,宝莱坞的萝莉与大叔。
226,再次出发之纽约遇见你,2013 / 美国 / 喜剧 爱情 音乐,导演: 约翰·卡尼 John Carney   主演: 凯拉·奈特莉 Keira Knightley / 马克...,8.5,263121,爱我就给我看你的播放列表。
227,血钻,2006 / 美国 德国 / 剧情 惊悚 冒险,导演: 爱德华·兹威克 Edward Zwick   主演: 莱昂纳多·迪卡普里奥 Leonardo ...,8.6,214114,每个美丽事物背后都是滴血的现实。
228,追随,1998 / 英国 / 犯罪 悬疑 惊悚,导演: 克里斯托弗·诺兰 Christopher Nolan   主演: 杰里米·西奥伯德 Jeremy...,8.9,115482,诺兰的牛逼来源于内心散发出的恐惧。
229,彗星来的那一夜,2013 / 美国 英国 / 科幻 悬疑 惊悚,导演: 詹姆斯·沃德·布柯特 James Ward Byrkit   主演: 艾米丽·芭尔多尼 Em...,8.5,301645,小成本大魅力。
230,城市之光,1931 / 美国 / 喜剧 剧情 爱情,导演: Charles Chaplin   主演: 查理·卓别林 Charles Chaplin / 弗吉尼亚·...,9.3,71103,永远的小人物，伟大的卓别林。
231,一次别离,2011 / 伊朗 法国 / 剧情 家庭,导演: 阿斯哈·法哈蒂  Asghar Farhadi   主演: 佩曼·莫阿迪 Peyman Moadi /...,8.7,177195,只有有信仰的人才能说出事实真相。
232,疯狂的麦克斯4：狂暴之路,2015 / 澳大利亚 美国 / 动作 科幻 冒险,导演: 乔治·米勒 George Miller   主演: 汤姆·哈迪 Tom Hardy / 查理兹·塞...,8.6,321282,“多么美好的一天！”轰轰轰砰咚，啪哒哒哒轰隆隆，磅~
233,哈利·波特与密室,2002 / 美国 英国 德国 / 奇幻 冒险,导演: Chris Columbus   主演: 丹尼尔·雷德克里夫 Daniel Radcliffe / 艾玛...,8.5,315113,魔法的密室之门已打开...
234,东京物语,1953 / 日本 / 剧情 家庭,导演: 小津安二郎 Yasujirô Ozu   主演: 笠智众 Chishû Ryû / 原节...,9.2,78813,东京那么大，如果有一天走失了，恐怕一辈子不能再相见。
235,聚焦,2015 / 美国 / 剧情 传记,导演: 托马斯·麦卡锡 Thomas McCarthy   主演: 马克·鲁弗洛 Mark Ruffalo /...,8.8,183412,新闻人的理性求真。
236,撞车,2004 / 美国 德国 / 犯罪 剧情,导演: 保罗·哈吉斯 Paul Haggis   主演: 桑德拉·布洛克 Sandra Bullock / ...,8.6,229733,天使与魔鬼的冲撞。
237,遗愿清单,2007 / 美国 / 冒险 喜剧 剧情,导演: 罗伯·莱纳 Rob Reiner   主演: 杰克·尼科尔森 Jack Nicholson / 摩根...,8.6,211788,用剩余不多的时间，去燃烧整个生命。
238,发条橙,1971 / 英国 美国 / 犯罪 剧情 科幻,导演: Stanley Kubrick   主演: Malcolm McDowell / Patrick Magee / Michael...,8.5,256269,我完全康复了。
239,梦之安魂曲,2000 / 美国 / 剧情,导演: 达伦·阿伦诺夫斯基 Darren Aronofsky   主演: 艾伦·伯斯汀 Ellen Bur...,8.7,151494,一场没有春天的噩梦。
240,小偷家族,2018 / 日本 / 剧情 犯罪 家庭,导演: 是枝裕和 Hirokazu Koreeda   主演: 中川雅也 Lily Franky / 安藤樱 Sa...,8.7,487374,暂无引言
241,色，戒,2007 / 中国台湾 中国大陆 美国 中国香港 / 剧情 爱情 情色,导演: 李安 Ang Lee   主演: 梁朝伟 Tony Leung Chiu Wai / 汤唯 Wei Tang / ...,8.4,397472,暂无引言
242,黑鹰坠落,2001 / 美国 / 动作 历史 战争,导演: 雷德利·斯科特 Ridley Scott   主演: 乔什·哈奈特 Josh Hartnett / ...,8.6,182690,还原真实而残酷的战争。
243,驴得水,2016 / 中国大陆 / 剧情 喜剧,导演: 周申 Shen Zhou / 刘露 Lu Liu   主演: 任素汐 Suxi Ren / 大力 Da Li ...,8.3,549128,过去的如果就让它过去了，未来只会越来越糟！
244,E.T. 外星人,1982 / 美国 / 剧情 科幻,导演: 史蒂文·斯皮尔伯格 Steven Spielberg   主演: 亨利·托马斯 Henry Tho...,8.6,224696,生病的E.T.皮肤的颜色就像柿子饼。
245,我爱你,2011 / 韩国 / 剧情 爱情,导演: 秋昌民 Chang-min Choo   主演: 宋在河 Jae-ho Song / 李顺载 Soon-jae...,9.0,92306,你要相信，这世上真的有爱存在，不管在什么年纪 
246,大佛普拉斯,2017 / 中国台湾 / 剧情 喜剧 犯罪,导演: 黄信尧 Hsin-yao Huang   主演: 庄益增 Yizeng Zhuang / 陈竹昇 Chu-sh...,8.7,211516,暂无引言
247,末路狂花,1991 / 美国 法国 / 犯罪 剧情 惊悚,导演: 雷德利·斯科特 Ridley Scott   主演: 吉娜·戴维斯 Geena Davis / 苏...,8.7,146414,没有了退路，只好飞向自由。
248,千钧一发,1997 / 美国 / 剧情 科幻 惊悚,导演: 安德鲁·尼科尔 Andrew Niccol   主演: 伊桑·霍克 Ethan Hawke / 乌玛...,8.7,143101,一部能引人思考的科幻励志片。
249,变脸,1997 / 美国 / 动作 科幻 犯罪 惊悚,导演: 吴宇森 John Woo   主演: 约翰·特拉沃尔塔 John Travolta / 尼古拉斯...,8.5,287285,当发哥的风衣、墨镜出现在了凯奇身上⋯⋯
250,这个男人来自地球,2007 / 美国 / 剧情 科幻,导演: 理查德·沙因克曼 Richard Schenkman   主演: 大卫·李·史密斯 David ...,8.5,257261,科幻真正的魅力不是视觉效果能取代的。 
